출처,접수번호,성명,생년월일,생년월일_원본,성별,성별_원본,연락처,연락처_원본,최종학력,자격증,시험지역,시험장,시험일자,시험일자_원본,교시_원본,수수료,감면유형,감면유형_원본,감면금액,최종결제금액,결제수단,결제수단_원본,결제상태,결제상태_원본,접수상태,접수상태_원본,접수일시,접수일시_원본,사용맥락,등급,시험유형,회차,시험구분,응시자격유형,시험연도,차수,1차합격여부,시험과목,교육기관,교육수료번호,교육수료일,교육수료일_원본,교육이수시간,사진검증,확인필요
국가기술,DN2026772247,조정자,1954-11-04,1954-11-04,여,여,010-9935-2424,010-9935-2424,초등학교졸업,한식조리기능사,서울,서울남부시험장,2026-09-05,2026-09-05,4,14500,없음,없음,0,14500,신용카드,신용카드,완료,완료,접수완료,접수완료,2026-08-11 12:14,2026-08-11 12:14:00,가족보조,기능사,상시CBT,,필기,비전공자,,,,,,,,,,,
국가기술,DN2026471030,우복남,1956-09-20,1956-09-20,남,남,010-1106-3615,010-1106-3615,초등학교졸업,지게차운전기능사,서울,서울남부시험장,2026-10-08,2026-10-08,4,14500,없음,없음,0,14500,신용카드,신용카드,완료,완료,접수완료,접수완료,2026-08-12 12:48,2026-08-12 12:48:00,가족보조,기능사,상시CBT,,필기,비전공자,,,,,,,,,,,
국가기술,DN2026277371,박두만,1958-06-04,1958-06-04,남,남,010-8527-9785,010-8527-9785,초등학교졸업,굴착기운전기능사,대구,대구시험장,2026-10-20,2026-10-20,4,14500,없음,없음,0,14500,신용카드,신용카드,완료,완료,접수완료,접수완료,2026-08-14 14:36,2026-08-14 14:36:00,가족보조,기능사,상시CBT,,필기,관련학과졸업,,,,,,,,,,,
국가기술,DN2026896866,권춘희,1963-04-23,1963-04-23,여,여,010-7227-5554,010-7227-5554,중학교졸업,한식조리기능사,대구,대구시험장,2026-10-03,2026-10-03,3,14500,없음,없음,0,14500,신용카드,신용카드,완료,완료,접수완료,접수완료,2026-08-15 12:42,2026-08-15 12:42:00,본인단독,기능사,상시CBT,,필기,경력,,,,,,,,,,,
국가기술,DN2026484715,손복남,1962-05-23,1962-05-23,남,남,010-4598-6313,010-4598-6313,중학교졸업,전기기능사,대구,대구시험장,2026-09-06,2026-09-06,1,14500,없음,없음,0,14500,계좌이체,계좌이체,완료,완료,접수완료,접수완료,2026-08-16 13:04,2026-08-16 13:04:00,본인단독,기능사,정기,1,필기,관련학과졸업,,,,,,,,,,,
국가기술,DN2026481142,임복남,1955-04-19,1955-04-19,남,남,010-3287-5040,010-3287-5040,중학교졸업,한식조리기능사,충북,청주시험장,2026-10-21,2026-10-21,5,14500,없음,없음,0,14500,계좌이체,계좌이체,완료,완료,접수완료,접수완료,2026-08-19 15:57,2026-08-19 15:57:00,가족보조,기능사,상시CBT,,필기,비전공자,,,,,,,,,,,
국가기술,DN2026517489,강운순,1964-10-13,1964-10-13,여,여,010-1771-2796,010-1771-2796,고등학교졸업,한식조리기능사,충남,천안시험장,2026-09-17,2026-09-17,2,14500,차상위계층,차상위계층,7250,7250,계좌이체,계좌이체,완료,완료,접수완료,접수완료,2026-08-16 10:24,2026-08-16 10:24:00,본인단독,기능사,상시CBT,,필기,관련학과졸업,,,,,,,,,,,
국가기술,DN2026755732,윤일남,1957-07-20,1957-07-20,남,남,010-9797-5371,010-9797-5371,고등학교졸업,전기기능사,경북,포항시험장,2026-09-22,2026-09-22,3,14500,차상위계층,차상위계층,7250,7250,신용카드,신용카드,완료,완료,접수완료,접수완료,2026-08-17 09:46,2026-08-17 09:46:00,복지관,기능사,정기,3,필기,관련학과졸업,,,,,,,,,,,
국가기술,DN2026655675,전삼석,1953-12-09,1953-12-09,남,남,010-9317-4258,010-9317-4258,고등학교졸업,지게차운전기능사,제주,제주시험장,2026-09-28,2026-09-28,3,14500,없음,없음,0,14500,계좌이체,계좌이체,완료,완료,접수완료,접수완료,2026-08-18 17:58,2026-08-18 17:58:00,대리접수,기능사,상시CBT,,필기,관련학과졸업,,,,,,,,,,,
국가기술,DN2026845965,전경자,1963-01-20,1963-01-20,여,여,010-1949-4946,010-1949-4946,대학원졸,굴착기운전기능사,충북,청주시험장,2026-10-27,2026-10-27,1,14500,없음,없음,0,14500,신용카드,신용카드,완료,완료,접수완료,접수완료,2026-08-17 10:48,2026-08-17 10:48:00,본인단독,기능사,상시CBT,,필기,비전공자,,,,,,,,,,,
국가기술,DN2026791953,서필호,1936-09-06,1936-09-06,남,남,010-6107-7537,010-6107-7537,대학원졸,한식조리기능사,경기,고양시험장,2026-10-07,2026-10-07,3,14500,기초생활수급자,기초생활수급자,7250,7250,신용카드,신용카드,환불,환불,취소,취소,2026-08-17 16:07,2026-08-17 16:07:00,본인단독,기능사,상시CBT,,필기,비전공자,,,,,,,,,,,
국가기술,DN2026070675,박영수,1965-10-18,1965-10-18,남,남,010-2160-9423,010-2160-9423,중학교졸업,한식조리기능사,세종,세종시험장,2026-11-21,2026-11-21,4,14500,없음,없음,0,14500,신용카드,신용카드,완료,완료,접수완료,접수완료,2026-08-05 20:59,2026-08-05 20:59:00,복지관,기능사,상시CBT,,필기,비전공자,,,,,,,,,,,
국가기술,DN2026905799,최정자,1936-07-07,1936-07-07,여,여,010-2612-1993,010-2612-1993,고등학교졸업,한식조리기능사,인천,인천시험장,2026-10-14,2026-10-14,1,14500,없음,없음,0,14500,신용카드,신용카드,완료,완료,접수완료,접수완료,2026-08-07 17:28,2026-08-07 17:28:00,본인단독,기능사,상시CBT,,필기,경력,,,,,,,,,,,
국가기술,DN2026566848,김옥분,1937-04-28,1937-04-28,여,여,010-4872-3724,010-4872-3724,고등학교졸업,한식조리기능사,대구,대구시험장,2026-11-04,2026-11-04,2,14500,장애인,장애인,7250,7250,가상계좌,가상계좌,완료,완료,접수완료,접수완료,2026-08-02 11:24,2026-08-02 11:24:00,본인단독,기능사,상시CBT,,필기,경력,,,,,,,,,,,
국가기술,DN2026568533,최갑순,1937-05-14,1937-05-14,여,여,010-6138-1936,010-6138-1936,초등학교졸업,한식조리기능사,경남,창원시험장,2026-09-02,2026-09-02,5,14500,없음,없음,0,14500,가상계좌,가상계좌,완료,완료,접수완료,접수완료,2026-08-17 11:03,2026-08-17 11:03:00,복지관,기능사,상시CBT,,필기,경력,,,,,,,,,,,
국가기술,DN2026041673,민동석,1962-10-03,1962-10-03,남,남,010-7868-9565,010-7868-9565,고등학교졸업,굴착기운전기능사,세종,세종시험장,2026-11-08,2026-11-08,2,14500,없음,없음,0,14500,계좌이체,계좌이체,완료,완료,접수완료,접수완료,2026-08-11 12:16,2026-08-11 12:16:00,가족보조,기능사,상시CBT,,필기,경력,,,,,,,,,,,
국가기술,DN2026223509,하복남,1947-08-11,1947-08-11,남,남,010-3170-6718,010-3170-6718,대학교졸,지게차운전기능사,대구,대구시험장,2026-11-04,2026-11-04,3,14500,없음,없음,0,14500,신용카드,신용카드,완료,완료,접수완료,접수완료,2026-08-15 22:34,2026-08-15 22:34:00,복지관,기능사,상시CBT,,필기,관련학과졸업,,,,,,,,,,,
국가기술,DN2026112236,차정순,1933-01-22,1933-01-22,여,여,010-5462-5616,010-5462-5616,고등학교졸업,지게차운전기능사,강원,춘천시험장,2026-09-09,2026-09-09,3,14500,국가유공자,국가유공자,7250,7250,신용카드,신용카드,완료,완료,접수완료,접수완료,2026-08-09 17:31,2026-08-09 17:31:00,가족보조,기능사,상시CBT,,필기,비전공자,,,,,,,,,,,
국가기술,DN2026463299,차필호,1939-05-02,1939-05-02,남,남,010-8007-1158,010-8007-1158,초등학교졸업,한식조리기능사,서울,서울2시험장,2026-11-09,2026-11-09,2,14500,장애인,장애인,7250,7250,계좌이체,계좌이체,완료,완료,접수완료,접수완료,2026-08-12 18:35,2026-08-12 18:35:00,본인단독,기능사,상시CBT,,필기,비전공자,,,,,,,,,,,
국가기술,DN2026818012,차말순,1947-06-26,1947-06-26,여,여,010-3532-4878,010-3532-4878,대학교졸,한식조리기능사,부산,부산남부시험장,2026-09-22,2026-09-22,4,14500,없음,없음,0,14500,신용카드,신용카드,완료,완료,접수완료,접수완료,2026-08-11 21:59,2026-08-11 21:59:00,가족보조,기능사,상시CBT,,필기,관련학과졸업,,,,,,,,,,,
국가기술,DN2026833981,권상원,1960-07-28,1960-07-28,남,남,010-1387-4164,010-1387-4164,고등학교졸업,한식조리기능사,부산,부산남부시험장,2026-10-12,2026-10-12,1,14500,없음,없음,0,14500,가상계좌,가상계좌,완료,완료,접수완료,접수완료,2026-08-09 14:41,2026-08-09 14:41:00,복지관,기능사,상시CBT,,필기,경력,,,,,,,,,,,
국가기술,DN2026455674,문갑순,1932-06-01,1932-06-01,여,여,010-6139-8149,010-6139-8149,고등학교졸업,지게차운전기능사,인천,인천시험장,2026-10-02,2026-10-02,1,14500,없음,없음,0,14500,신용카드,신용카드,완료,완료,접수완료,접수완료,2026-08-19 12:16,2026-08-19 12:16:00,본인단독,기능사,상시CBT,,필기,비전공자,,,,,,,,,,,
국가기술,DN2026695613,윤갑순,1932-11-24,1932-11-24,여,여,010-5920-9308,010-5920-9308,고등학교졸업,한식조리기능사,울산,울산시험장,2026-11-11,2026-11-11,3,14500,없음,없음,0,14500,신용카드,신용카드,완료,완료,접수완료,접수완료,2026-08-10 17:08,2026-08-10 17:08:00,본인단독,기능사,상시CBT,,필기,경력,,,,,,,,,,,
국가기술,DN2026450771,우말자,1942-11-24,1942-11-24,여,여,010-6279-8618,010-6279-8618,고등학교졸업,지게차운전기능사,대전,대전시험장,2026-09-10,2026-09-10,2,14500,없음,없음,0,14500,계좌이체,계좌이체,완료,완료,접수완료,접수완료,2026-08-06 19:05,2026-08-06 19:05:00,가족보조,기능사,상시CBT,,필기,비전공자,,,,,,,,,,,
국가기술,DN2026640968,정봉숙,1951-11-10,1951-11-10,여,여,010-7790-4185,010-7790-4185,전문대졸,한식조리기능사,세종,세종시험장,2026-09-08,2026-09-08,4,14500,없음,없음,0,14500,신용카드,신용카드,대기,대기,결제대기,결제대기,2026-08-05 19:44,2026-08-05 19:44:00,본인단독,기능사,상시CBT,,필기,경력,,,,,,,,,,,
국가기술,DN2026139817,남일남,1952-03-26,1952-03-26,남,남,010-9702-6198,010-9702-6198,대학원졸,굴착기운전기능사,제주,제주시험장,2026-09-28,2026-09-28,5,14500,없음,없음,0,14500,계좌이체,계좌이체,완료,완료,접수완료,접수완료,2026-08-17 15:53,2026-08-17 15:53:00,복지관,기능사,상시CBT,,필기,경력,,,,,,,,,,,
국가기술,DN2026287937,유옥분,1936-08-09,1936-08-09,여,여,010-5681-4841,010-5681-4841,중학교졸업,굴착기운전기능사,세종,세종시험장,2026-11-16,2026-11-16,5,14500,장애인,장애인,7250,7250,신용카드,신용카드,완료,완료,접수완료,접수완료,2026-08-05 12:24,2026-08-05 12:24:00,복지관,기능사,상시CBT,,필기,경력,,,,,,,,,,,
국가기술,DN2026948792,우필호,1962-07-14,1962-07-14,남,남,010-1320-7232,010-1320-7232,고등학교졸업,지게차운전기능사,충북,청주시험장,2026-09-27,2026-09-27,3,14500,없음,없음,0,14500,계좌이체,계좌이체,완료,완료,접수완료,접수완료,2026-08-14 17:47,2026-08-14 17:47:00,복지관,기능사,상시CBT,,필기,경력,,,,,,,,,,,
국가기술,DN2026173062,남철수,1949-07-16,1949-07-16,남,남,010-9751-1441,010-9751-1441,대학교졸,전기기능사,서울,서울2시험장,2026-11-26,2026-11-26,4,14500,없음,없음,0,14500,신용카드,신용카드,완료,완료,접수완료,접수완료,2026-08-15 11:03,2026-08-15 11:03:00,가족보조,기능사,정기,1,필기,관련학과졸업,,,,,,,,,,,
국가기술,DN2026493153,이갑순,1937-06-11,1937-06-11,여,여,010-9837-1853,010-9837-1853,대학원졸,한식조리기능사,전북,전주시험장,2026-10-09,2026-10-09,2,14500,장애인,장애인,7250,7250,계좌이체,계좌이체,완료,완료,접수완료,접수완료,2026-08-02 21:01,2026-08-02 21:01:00,본인단독,기능사,상시CBT,,필기,경력,,,,,,,,,,,
국가기술,DN2026804151,양용기,1957-04-05,1957-04-05,남,남,010-2876-3683,010-2876-3683,대학원졸,굴착기운전기능사,경남,창원시험장,2026-09-15,2026-09-15,5,14500,없음,없음,0,14500,신용카드,신용카드,완료,완료,접수완료,접수완료,2026-08-10 18:43,2026-08-10 18:43:00,가족보조,기능사,상시CBT,,필기,관련학과졸업,,,,,,,,,,,
국가기술,DN2026844658,윤계순,1954-02-19,1954-02-19,여,여,010-1672-6688,010-1672-6688,고등학교졸업,굴착기운전기능사,세종,세종시험장,2026-10-28,2026-10-28,3,14500,없음,없음,0,14500,신용카드,신용카드,완료,완료,접수완료,접수완료,2026-08-11 09:54,2026-08-11 09:54:00,가족보조,기능사,상시CBT,,필기,비전공자,,,,,,,,,,,
국가기술,DN2026283202,민계순,1943-11-27,1943-11-27,여,여,010-9817-8921,010-9817-8921,고등학교졸업,한식조리기능사,경북,포항시험장,2026-11-17,2026-11-17,5,14500,없음,없음,0,14500,신용카드,신용카드,대기,대기,결제대기,결제대기,2026-08-08 22:59,2026-08-08 22:59:00,본인단독,기능사,상시CBT,,필기,비전공자,,,,,,,,,,,
국가기술,DN2026372061,안영자,1951-08-19,1951-08-19,여,여,010-5581-5526,010-5581-5526,고등학교졸업,굴착기운전기능사,전북,전주시험장,2026-10-06,2026-10-06,2,14500,없음,없음,0,14500,신용카드,신용카드,완료,완료,접수완료,접수완료,2026-08-14 16:35,2026-08-14 16:35:00,본인단독,기능사,상시CBT,,필기,비전공자,,,,,,,,,,,
국가기술,DN2026696213,우순옥,1935-08-26,1935-08-26,여,여,010-8753-9698,010-8753-9698,고등학교졸업,지게차운전기능사,서울,서울1시험장,2026-10-23,2026-10-23,5,14500,없음,없음,0,14500,신용카드,신용카드,완료,완료,접수완료,접수완료,2026-08-15 13:19,2026-08-15 13:19:00,가족보조,기능사,상시CBT,,필기,비전공자,,,,,,,,,,,
국가기술,DN2026797136,곽종수,1954-06-04,1954-06-04,남,남,010-5636-2647,010-5636-2647,대학교졸,한식조리기능사,대전,대전시험장,2026-10-09,2026-10-09,2,14500,없음,없음,0,14500,신용카드,신용카드,완료,완료,접수완료,접수완료,2026-08-10 09:45,2026-08-10 09:45:00,복지관,기능사,상시CBT,,필기,경력,,,,,,,,,,,
국가기술,DN2026501969,유영수,1963-09-10,1963-09-10,남,남,010-4020-1841,010-4020-1841,중학교졸업,한식조리기능사,광주,광주시험장,2026-09-19,2026-09-19,1,14500,없음,없음,0,14500,계좌이체,계좌이체,완료,완료,접수완료,접수완료,2026-08-13 16:04,2026-08-13 16:04:00,복지관,기능사,상시CBT,,필기,경력,,,,,,,,,,,
국가기술,DN2026648459,권갑수,1930-05-03,1930-05-03,남,남,010-9561-7232,010-9561-7232,고등학교졸업,한식조리기능사,세종,세종시험장,2026-10-20,2026-10-20,3,14500,없음,없음,0,14500,가상계좌,가상계좌,완료,완료,접수완료,접수완료,2026-08-14 13:36,2026-08-14 13:36:00,복지관,기능사,상시CBT,,필기,경력,,,,,,,,,,,
국가기술,DN2026078712,한영호,1960-04-21,1960-04-21,남,남,010-7693-8381,010-7693-8381,전문대졸,지게차운전기능사,울산,울산시험장,2026-09-08,2026-09-08,3,14500,없음,없음,0,14500,신용카드,신용카드,완료,완료,접수완료,접수완료,2026-08-10 20:18,2026-08-10 20:18:00,복지관,기능사,상시CBT,,필기,경력,,,,,,,,,,,
국가기술,DN2026278536,임옥분,1952-05-26,1952-05-26,여,여,010-1977-3718,010-1977-3718,전문대졸,한식조리기능사,울산,울산시험장,2026-09-21,2026-09-21,5,14500,없음,없음,0,14500,가상계좌,가상계좌,완료,완료,접수완료,접수완료,2026-08-15 10:29,2026-08-15 10:29:00,복지관,기능사,상시CBT,,필기,비전공자,,,,,,,,,,,
국가기술,DN2026633040,안영숙,1949-09-18,1949-09-18,여,여,010-2496-4750,010-2496-4750,대학원졸,지게차운전기능사,경남,창원시험장,2026-09-14,2026-09-14,5,14500,없음,없음,0,14500,가상계좌,가상계좌,완료,완료,접수완료,접수완료,2026-08-09 18:02,2026-08-09 18:02:00,본인단독,기능사,상시CBT,,필기,비전공자,,,,,,,,,,,
국가기술,DN2026336654,조미자,1938-05-06,1938-05-06,여,여,010-6403-7744,010-6403-7744,전문대졸,지게차운전기능사,전남,순천시험장,2026-10-12,2026-10-12,4,14500,차상위계층,차상위계층,7250,7250,계좌이체,계좌이체,완료,완료,접수완료,접수완료,2026-08-18 09:29,2026-08-18 09:29:00,본인단독,기능사,상시CBT,,필기,경력,,,,,,,,,,,
국가기술,DN2026196695,곽순옥,1959-07-28,1959-07-28,여,여,010-9167-8242,010-9167-8242,전문대졸,한식조리기능사,제주,제주시험장,2026-11-15,2026-11-15,3,14500,없음,없음,0,14500,계좌이체,계좌이체,완료,완료,접수완료,접수완료,2026-08-10 16:56,2026-08-10 16:56:00,복지관,기능사,상시CBT,,필기,관련학과졸업,,,,,,,,,,,
국가기술,DN2026882278,윤봉숙,1928-04-23,1928-04-23,여,여,010-2924-3522,010-2924-3522,고등학교졸업,한식조리기능사,대전,대전시험장,2026-11-14,2026-11-14,3,14500,없음,없음,0,14500,계좌이체,계좌이체,완료,완료,접수완료,접수완료,2026-08-09 15:53,2026-08-09 15:53:00,가족보조,기능사,상시CBT,,필기,비전공자,,,,,,,,,,,
국가기술,DN2026435099,고계순,1931-03-13,1931-03-13,여,여,010-9318-5377,010-9318-5377,대학교졸,한식조리기능사,울산,울산시험장,2026-10-25,2026-10-25,3,14500,기초생활수급자,기초생활수급자,7250,7250,계좌이체,계좌이체,완료,완료,접수완료,접수완료,2026-08-19 19:31,2026-08-19 19:31:00,본인단독,기능사,상시CBT,,필기,경력,,,,,,,,,,,
국가기술,DN2026401575,권운순,1944-06-18,1944-06-18,여,여,010-7730-1715,010-7730-1715,고등학교졸업,지게차운전기능사,전북,전주시험장,2026-09-23,2026-09-23,4,14500,국가유공자,국가유공자,7250,7250,신용카드,신용카드,완료,완료,접수완료,접수완료,2026-08-05 16:02,2026-08-05 16:02:00,본인단독,기능사,상시CBT,,필기,경력,,,,,,,,,,,
국가기술,DN2026161860,정금순,1938-02-17,1938-02-17,여,여,010-5342-6546,010-5342-6546,고등학교졸업,굴착기운전기능사,경북,포항시험장,2026-10-28,2026-10-28,1,14500,없음,없음,0,14500,가상계좌,가상계좌,완료,완료,접수완료,접수완료,2026-08-18 15:20,2026-08-18 15:20:00,복지관,기능사,상시CBT,,필기,경력,,,,,,,,,,,
국가기술,DN2026103226,조봉숙,1964-10-03,1964-10-03,여,여,010-3725-5906,010-3725-5906,대학교졸,굴착기운전기능사,세종,세종시험장,2026-11-03,2026-11-03,3,14500,차상위계층,차상위계층,7250,7250,계좌이체,계좌이체,완료,완료,접수완료,접수완료,2026-08-10 14:23,2026-08-10 14:23:00,가족보조,기능사,상시CBT,,필기,관련학과졸업,,,,,,,,,,,
국가기술,DN2026716319,황동호,1940-10-22,1940-10-22,남,남,010-3344-4804,010-3344-4804,고등학교졸업,한식조리기능사,대전,대전시험장,2026-11-28,2026-11-28,4,14500,없음,없음,0,14500,신용카드,신용카드,완료,완료,접수완료,접수완료,2026-08-01 21:29,2026-08-01 21:29:00,가족보조,기능사,상시CBT,,필기,경력,,,,,,,,,,,
국가기술,DN2026894788,심만수,1944-10-10,1944-10-10,남,남,010-4886-7248,010-4886-7248,고등학교졸업,한식조리기능사,전남,순천시험장,2026-10-07,2026-10-07,3,14500,없음,없음,0,14500,가상계좌,가상계좌,대기,대기,결제대기,결제대기,2026-08-10 09:53,2026-08-10 09:53:00,복지관,기능사,상시CBT,,필기,비전공자,,,,,,,,,,,
전문,DP2026873295,류운순,1966-07-09,1966/07/09,여,F,010-4770-6772,010-4770-6772,고등학교졸업,공인중개사,부산,부산남부시험장,2026-10-18,2026/10/18,3,13400,없음,NONE,,13400,계좌이체,BANK_TRANSFER,완료,PAID,접수완료,CONFIRMED,2026-08-15 11:40,2026/08/15 11:40,본인단독,,,,,,2026,1차,N,부동산학개론;민법및민사특별법,,,,,,,
전문,DP2026034986,우순옥,1965-02-21,1965/02/21,여,F,010-3153-2476,010-3153-2476,전문대졸,손해평가사,강원,춘천시험장,2026-10-19,2026/10/19,2,30000,없음,NONE,,30000,신용카드,CARD,완료,PAID,접수완료,CONFIRMED,2026-08-08 11:50,2026/08/08 11:50,본인단독,,,,,,2026,1차,N,상법(보험편);농어업재해보험법규,,,,,,,
전문,DP2026958450,심근호,1962-09-12,1962/09/12,남,M,010-5835-6549,010-5835-6549,전문대졸,공인중개사,대전,대전시험장,2026-10-22,2026/10/22,1,15200,없음,NONE,,15200,신용카드,CARD,완료,PAID,접수완료,CONFIRMED,2026-08-18 15:54,2026/08/18 15:54,가족보조,,,,,,2026,2차,Y,공인중개사법;부동산공법;부동산공시법;부동산세법,,,,,,,
전문,DP2026277305,성만수,1961-09-12,1961/09/12,남,M,010-8451-7038,010-8451-7038,대학교졸,손해평가사,전북,전주시험장,2026-10-25,2026/10/25,3,30000,없음,NONE,,30000,가상계좌,VIRTUAL_ACCOUNT,완료,PAID,접수완료,CONFIRMED,2026-08-11 14:06,2026/08/11 14:06,가족보조,,,,,,2026,1차,N,상법(보험편);농어업재해보험법규,,,,,,,
전문,DP2026486820,전삼석,1965-10-18,1965/10/18,남,M,010-7689-2911,010-7689-2911,초등학교졸업,손해평가사,세종,세종시험장,2026-10-15,2026/10/15,2,30000,기초생활수급자,BASIC_LIVING,,30000,신용카드,CARD,완료,PAID,접수완료,CONFIRMED,2026-08-04 12:56,2026/08/04 12:56,본인단독,,,,,,2026,1차,N,상법(보험편);농어업재해보험법규,,,,,,,
전문,DP2026686736,조금순,1943-11-24,1943/11/24,여,F,010-7686-5583,010-7686-5583,무학,손해평가사,전남,순천시험장,2026-10-22,2026/10/22,2,30000,기초생활수급자,BASIC_LIVING,,30000,계좌이체,BANK_TRANSFER,환불,REFUNDED,취소,CANCELLED,2026-08-04 19:23,2026/08/04 19:23,가족보조,,,,,,2026,2차,Y,농작물재해보험이론과실무;가축재해보험이론과실무,,,,,,,
전문,DP2026672876,구영호,1949-04-04,1949/04/04,남,M,010-1828-6464,010-1828-6464,중학교졸업,손해평가사,경북,포항시험장,2026-10-24,2026/10/24,1,30000,없음,NONE,,30000,가상계좌,VIRTUAL_ACCOUNT,완료,PAID,접수완료,CONFIRMED,2026-08-07 18:13,2026/08/07 18:13,본인단독,,,,,,2026,2차,N,농작물재해보험이론과실무;가축재해보험이론과실무,,,,,,,
전문,DP2026837303,오춘희,1928-01-09,1928/01/09,여,F,010-1422-3159,010-1422-3159,무학,공인중개사,광주,광주시험장,2026-10-18,2026/10/18,3,15200,없음,NONE,,15200,신용카드,CARD,완료,PAID,접수완료,CONFIRMED,2026-08-09 09:08,2026/08/09 09:08,가족보조,,,,,,2026,2차,Y,공인중개사법;부동산공법;부동산공시법;부동산세법,,,,,,,
전문,DP2026991341,민성호,1936-08-25,1936/08/25,남,M,010-9543-5941,010-9543-5941,고등학교졸업,공인중개사,인천,인천시험장,2026-10-15,2026/10/15,1,13400,기초생활수급자,BASIC_LIVING,,13400,계좌이체,BANK_TRANSFER,완료,PAID,접수완료,CONFIRMED,2026-08-14 19:06,2026/08/14 19:06,가족보조,,,,,,2026,1차,N,부동산학개론;민법및민사특별법,,,,,,,
전문,DP2026613800,차필순,1961-06-20,1961/06/20,여,F,010-6327-7240,010-6327-7240,대학원졸,공인중개사,광주,광주시험장,2026-10-23,2026/10/23,2,13400,없음,NONE,,13400,가상계좌,VIRTUAL_ACCOUNT,완료,PAID,접수완료,CONFIRMED,2026-08-14 10:50,2026/08/14 10:50,본인단독,,,,,,2026,1차,N,부동산학개론;민법및민사특별법,,,,,,,
전문,DP2026099705,홍만복,1938-04-14,1938/04/14,남,M,010-6120-5176,010-6120-5176,고등학교졸업,손해평가사,경북,포항시험장,2026-10-17,2026/10/17,3,30000,장애인,DISABLED,,30000,신용카드,CARD,완료,PAID,접수완료,CONFIRMED,2026-08-03 22:05,2026/08/03 22:05,본인단독,,,,,,2026,1차,N,상법(보험편);농어업재해보험법규,,,,,,,
전문,DP2026916044,허갑순,1943-03-18,1943/03/18,여,F,010-1842-5712,010-1842-5712,고등학교졸업,공인중개사,충북,청주시험장,2026-10-20,2026/10/20,1,13400,없음,NONE,,13400,신용카드,CARD,완료,PAID,접수완료,CONFIRMED,2026-08-05 19:30,2026/08/05 19:30,본인단독,,,,,,2026,1차,N,부동산학개론;민법및민사특별법,,,,,,,
전문,DP2026804712,민종수,1931-06-04,1931/06/04,남,M,010-1430-5381,010-1430-5381,무학,손해평가사,세종,세종시험장,2026-10-19,2026/10/19,2,30000,없음,NONE,,30000,신용카드,CARD,완료,PAID,접수완료,CONFIRMED,2026-08-05 18:42,2026/08/05 18:42,가족보조,,,,,,2026,2차,N,농작물재해보험이론과실무;가축재해보험이론과실무,,,,,,,
전문,DP2026165056,양광수,1965-02-24,1965/02/24,남,M,010-6314-2391,010-6314-2391,대학교졸,공인중개사,전북,전주시험장,2026-10-17,2026/10/17,1,13400,없음,NONE,,13400,신용카드,CARD,완료,PAID,접수완료,CONFIRMED,2026-08-03 13:28,2026/08/03 13:28,가족보조,,,,,,2026,1차,N,부동산학개론;민법및민사특별법,,,,,,,
전문,DP2026297006,우금순,1940-05-07,1940/05/07,여,F,010-9633-6053,010-9633-6053,무학,손해평가사,인천,인천시험장,2026-10-24,2026/10/24,1,30000,없음,NONE,,30000,계좌이체,BANK_TRANSFER,완료,PAID,접수완료,CONFIRMED,2026-08-07 21:08,2026/08/07 21:08,가족보조,,,,,,2026,2차,Y,농작물재해보험이론과실무;가축재해보험이론과실무,,,,,,,
전문,DP2026737853,권인순,1959-01-16,1959/01/16,여,F,010-6802-2180,010-6802-2180,고등학교졸업,손해평가사,대전,대전시험장,2026-10-21,2026/10/21,1,30000,없음,NONE,,30000,신용카드,CARD,완료,PAID,접수완료,CONFIRMED,2026-08-11 18:27,2026/08/11 18:27,가족보조,,,,,,2026,2차,Y,농작물재해보험이론과실무;가축재해보험이론과실무,,,,,,,
전문,DP2026964449,양옥분,1959-07-01,1959/07/01,여,F,010-8155-2734,010-8155-2734,중학교졸업,손해평가사,대전,대전시험장,2026-10-23,2026/10/23,1,30000,없음,NONE,,30000,계좌이체,BANK_TRANSFER,완료,PAID,접수완료,CONFIRMED,2026-08-11 12:21,2026/08/11 12:21,본인단독,,,,,,2026,2차,Y,농작물재해보험이론과실무;가축재해보험이론과실무,,,,,,,
전문,DP2026858730,임상원,1933-09-07,1933/09/07,남,M,010-2684-3399,010-2684-3399,중학교졸업,공인중개사,충남,천안시험장,2026-10-17,2026/10/17,3,15200,없음,NONE,,15200,가상계좌,VIRTUAL_ACCOUNT,완료,PAID,접수완료,CONFIRMED,2026-08-16 16:48,2026/08/16 16:48,가족보조,,,,,,2026,2차,N,공인중개사법;부동산공법;부동산공시법;부동산세법,,,,,,,
전문,DP2026369039,하옥분,1957-08-03,1957/08/03,여,F,010-6085-8565,010-6085-8565,고등학교졸업,손해평가사,강원,춘천시험장,2026-10-15,2026/10/15,2,30000,없음,NONE,,30000,신용카드,CARD,완료,PAID,접수완료,CONFIRMED,2026-08-03 18:38,2026/08/03 18:38,가족보조,,,,,,2026,1차,N,상법(보험편);농어업재해보험법규,,,,,,,
전문,DP2026472408,조계순,1938-10-21,1938/10/21,여,F,010-6626-2381,010-6626-2381,고등학교졸업,공인중개사,경남,창원시험장,2026-10-17,2026/10/17,1,13400,없음,NONE,,13400,계좌이체,BANK_TRANSFER,대기,PENDING,결제대기,PENDING,2026-08-15 17:33,2026/08/15 17:33,본인단독,,,,,,2026,1차,N,부동산학개론;민법및민사특별법,,,,,,,
두두보건,DH2026428626,고정자,1948-06-12,12-06-1948,여,2,010-1857-6482,01018576482,무학,요양보호사,,대전센터,2026-10-13,13-10-2026,PM,32000,없음,없음,,32000,가상계좌,virtual,완료,success,접수완료,active,2026-08-19 11:21,19-08-2026 11:21,가족보조,,,,,,,,,,제주시니어교육원,TR20261080,2026-03-11,11-03-2026,240,PASS,
두두보건,DH2026325302,배철수,1941-02-19,19-02-1941,남,1,010-2388-6072,01023886072,무학,요양보호사,,대구센터,2026-11-22,22-11-2026,AM,32000,없음,없음,,32000,계좌이체,transfer,완료,success,접수완료,active,2026-08-18 14:01,18-08-2026 14:01,복지관,,,,,,,,,,창원노인복지관교육부,TR20269158,2026-05-13,13-05-2026,240,PASS,
두두보건,DH2026358333,노선옥,1961-06-10,10-06-1961,여,2,010-4711-3253,01047113253,초등학교졸업,요양보호사,,대구센터,2026-11-04,04-11-2026,AM,32000,없음,없음,,32000,가상계좌,virtual,완료,success,접수완료,active,2026-08-12 15:09,12-08-2026 15:09,본인단독,,,,,,,,,,경기도요양보호사교육원,TR20262539,2026-05-03,03-05-2026,240,PASS,
두두보건,DH2026045815,백순옥,1959-03-06,06-03-1959,여,2,010-4891-8277,01048918277,중학교졸업,위생사,,대구센터,2026-10-08,08-10-2026,PM,30000,기초생활수급자,기초수급,,30000,신용카드,card,완료,success,접수완료,active,2026-08-15 16:29,15-08-2026 16:29,가족보조,,,,,,,,,,수원보건대학 환경보건과,TR20264669,2026-06-25,25-06-2026,0,PASS,
두두보건,DH2026553082,백미자,1960-05-25,25-05-1960,여,2,010-4271-3267,01042713267,고등학교졸업,요양보호사,,청주센터,2026-09-18,18-09-2026,AM,32000,없음,없음,,32000,신용카드,card,완료,success,접수완료,active,2026-08-14 16:57,14-08-2026 16:57,가족보조,,,,,,,,,,천안시니어교육센터,TR20264097,2026-06-02,02-06-2026,240,PASS,
두두보건,DH2026992387,권봉숙,1964-09-05,05-09-1964,여,2,010-6727-1436,01067271436,대학교졸,위생사,,청주센터,2026-10-08,08-10-2026,AM,30000,없음,없음,,30000,신용카드,card,완료,success,접수완료,active,2026-08-15 10:53,15-08-2026 10:53,본인단독,,,,,,,,,,부산보건대학 위생학과,TR20266798,2026-06-02,02-06-2026,0,PASS,
두두보건,DH2026491898,유말자,1958-01-10,10-01-1958,여,2,010-1086-2298,01010862298,무학,위생사,,전주센터,2026-10-04,04-10-2026,AM,30000,없음,없음,,30000,신용카드,card,완료,success,접수완료,active,2026-08-08 15:40,08-08-2026 15:40,복지관,,,,,,,,,,인천보건대 환경보건과,TR20262450,2026-07-18,18-07-2026,0,PASS,
두두보건,DH2026753449,임명자,1935-10-18,18-10-1935,여,2,010-8032-1025,01080321025,고등학교졸업,요양보호사,,서울센터,2026-11-03,03-11-2026,PM,32000,없음,없음,,32000,가상계좌,virtual,완료,success,접수완료,active,2026-08-18 17:50,18-08-2026 17:50,복지관,,,,,,,,,,수원시니어아카데미,TR20269350,2026-04-14,14-04-2026,240,PASS,
두두보건,DH2026017032,문근호,1936-01-21,21-01-1936,남,1,010-2106-6649,01021066649,중학교졸업,요양보호사,,청주센터,2026-11-12,12-11-2026,PM,32000,장애인,장애인,,32000,신용카드,card,완료,success,접수완료,active,2026-08-15 20:30,15-08-2026 20:30,복지관,,,,,,,,,,인천시니어교육센터,TR20269534,2026-05-24,24-05-2026,240,PASS,
두두보건,DH2026045935,서성호,1962-12-25,25-12-1962,남,1,010-6170-6080,01061706080,고등학교졸업,위생사,,전주센터,2026-10-07,07-10-2026,PM,30000,장애인,장애인,,30000,신용카드,card,완료,success,접수완료,active,2026-08-11 13:07,11-08-2026 13:07,가족보조,,,,,,,,,,전주보건대학교 위생과,TR20267757,2026-03-09,09-03-2026,0,PASS,
두두보건,DH2026385192,곽복순,1938-07-11,11-07-1938,여,2,010-2353-7955,01023537955,초등학교졸업,위생사,,대구센터,2026-10-03,03-10-2026,PM,30000,없음,없음,,30000,가상계좌,virtual,완료,success,접수완료,active,2026-08-14 11:44,14-08-2026 11:44,가족보조,,,,,,,,,,제주보건대학 환경위생과,TR20262957,2026-05-18,18-05-2026,0,PASS,
두두보건,DH2026668481,배순옥,1944-10-14,14-10-1944,여,2,010-9406-3621,01094063621,대학원졸,요양보호사,,대전센터,2026-09-03,03-09-2026,PM,32000,없음,없음,,32000,가상계좌,virtual,완료,success,접수완료,active,2026-08-02 18:09,02-08-2026 18:09,복지관,,,,,,,,,,광주복지교육원,TR20269955,2026-06-22,22-06-2026,240,PASS,
두두보건,DH2026384775,배영자,1943-08-25,25-08-1943,여,2,010-5566-5089,01055665089,대학원졸,위생사,,부산센터,2026-09-18,18-09-2026,PM,30000,없음,없음,,30000,가상계좌,virtual,완료,success,접수완료,active,2026-08-15 12:39,15-08-2026 12:39,가족보조,,,,,,,,,,서울보건대학교 환경위생과,TR20263049,2026-07-16,16-07-2026,0,PASS,
두두보건,DH2026849885,홍정자,1958-02-15,15-02-1958,여,2,010-6692-2063,01066922063,고등학교졸업,요양보호사,,대구센터,2026-11-23,23-11-2026,AM,32000,없음,없음,,32000,가상계좌,virtual,대기,pending,결제대기,pending,2026-08-08 10:12,08-08-2026 10:12,본인단독,,,,,,,,,,전주평생학습관,TR20264915,2026-04-28,28-04-2026,240,PASS,
두두보건,DH2026578444,장종수,1965-06-18,18-06-1965,남,1,010-2412-2077,01024122077,고등학교졸업,위생사,,수원센터,2026-09-03,03-09-2026,PM,30000,없음,없음,,30000,계좌이체,transfer,완료,success,접수완료,active,2026-08-15 19:33,15-08-2026 19:33,가족보조,,,,,,,,,,수원보건대학 환경보건과,TR20268613,2026-06-14,14-06-2026,0,PASS,
두두보건,DH2026954952,최만수,1931-11-19,19-11-1931,남,1,010-9488-3507,01094883507,고등학교졸업,위생사,,대구센터,2026-10-17,17-10-2026,AM,30000,없음,없음,,30000,가상계좌,virtual,완료,success,접수완료,active,2026-08-18 13:08,18-08-2026 13:08,복지관,,,,,,,,,,대구보건대학교 보건위생과,TR20265287,2026-04-23,23-04-2026,0,PASS,
두두보건,DH2026654814,구영자,1961-09-21,21-09-1961,여,2,010-1674-1464,01016741464,초등학교졸업,요양보호사,,대구센터,2026-09-21,21-09-2026,PM,32000,장애인,장애인,,32000,가상계좌,virtual,완료,success,접수완료,active,2026-08-10 19:19,10-08-2026 19:19,가족보조,,,,,,,,,,춘천노인복지교육센터,TR20263454,2026-07-25,25-07-2026,240,PASS,
두두보건,DH2026435811,심상길,1941-05-15,15-05-1941,남,1,010-4342-6573,01043426573,고등학교졸업,위생사,,부산센터,2026-10-05,05-10-2026,AM,30000,없음,없음,,30000,계좌이체,transfer,완료,success,접수완료,active,2026-08-04 13:28,04-08-2026 13:28,본인단독,,,,,,,,,,대전보건대학 환경위생학과,TR20265232,2026-05-24,24-05-2026,0,PENDING,
두두보건,DH2026946142,한영수,1948-07-28,28-07-1948,남,1,010-6123-4110,01061234110,전문대졸,요양보호사,,청주센터,2026-09-16,16-09-2026,AM,32000,기초생활수급자,기초수급,,32000,가상계좌,virtual,대기,pending,결제대기,pending,2026-08-15 12:13,15-08-2026 12:13,복지관,,,,,,,,,,청주보건교육원,TR20268434,2026-06-15,15-06-2026,240,PASS,
두두보건,DH2026888325,조말순,1948-08-20,20-08-1948,여,2,010-3194-5333,01031945333,전문대졸,요양보호사,,전주센터,2026-09-18,18-09-2026,PM,32000,없음,없음,,32000,신용카드,card,완료,success,접수완료,active,2026-08-13 17:28,13-08-2026 17:28,복지관,,,,,,,,,,제주시니어교육원,TR20265996,2026-06-02,02-06-2026,240,PASS,
두두보건,DH2026355557,차순옥,1959-03-04,04-03-1959,여,2,010-3363-4261,01033634261,고등학교졸업,위생사,,청주센터,2026-10-23,23-10-2026,PM,30000,없음,없음,,30000,신용카드,card,완료,success,접수완료,active,2026-08-17 11:20,17-08-2026 11:20,복지관,,,,,,,,,,경기보건대학교 보건학과,TR20268194,2026-03-02,02-03-2026,0,PASS,
두두보건,DH2026743168,주명자,1947-10-11,11-10-1947,여,2,010-8780-1272,01087801272,고등학교졸업,요양보호사,,제주센터,2026-11-24,24-11-2026,AM,32000,없음,없음,,32000,계좌이체,transfer,완료,success,접수완료,active,2026-08-19 18:14,19-08-2026 18:14,복지관,,,,,,,,,,인천시니어교육센터,TR20266825,2026-05-19,19-05-2026,240,PASS,
두두보건,DH2026253962,박원호,1956-09-21,21-09-1956,남,1,010-2800-4125,01028004125,무학,요양보호사,,청주센터,2026-11-14,14-11-2026,PM,32000,장애인,장애인,,32000,가상계좌,virtual,완료,success,접수완료,active,2026-08-02 20:08,02-08-2026 20:08,복지관,,,,,,,,,,순천시니어교육원,TR20266862,2026-06-05,05-06-2026,240,PASS,
두두보건,DH2026559025,고재호,1936-09-13,13-09-1936,남,1,010-6804-5331,01068045331,고등학교졸업,요양보호사,,수원센터,2026-10-10,10-10-2026,AM,32000,없음,없음,,32000,계좌이체,transfer,완료,success,접수완료,active,2026-08-11 16:22,11-08-2026 16:22,복지관,,,,,,,,,,경기도요양보호사교육원,TR20264039,2026-07-09,09-07-2026,240,PASS,
두두보건,DH2026810617,임명자,1930-11-18,18-11-1930,여,2,010-1689-5712,01016895712,대학원졸,요양보호사,,청주센터,2026-09-07,07-09-2026,PM,32000,기초생활수급자,기초수급,,32000,가상계좌,virtual,완료,success,접수완료,active,2026-08-09 11:06,09-08-2026 11:06,복지관,,,,,,,,,,대구평생교육원,TR20265675,2026-05-15,15-05-2026,240,PASS,
두두보건,DH2026346338,심만수,1933-04-21,21-04-1933,남,1,010-3252-1084,01032521084,대학원졸,요양보호사,,광주센터,2026-10-07,07-10-2026,PM,32000,없음,없음,,32000,신용카드,card,완료,success,접수완료,active,2026-08-03 19:36,03-08-2026 19:36,본인단독,,,,,,,,,,대전실버교육원,TR20266667,2026-06-21,21-06-2026,240,PASS,
두두보건,DH2026416279,노용기,1955-07-27,27-07-1955,남,1,010-5742-1613,01057421613,무학,위생사,,대구센터,2026-11-21,21-11-2026,PM,30000,장애인,장애인,,30000,신용카드,card,대기,pending,결제대기,pending,2026-08-17 16:17,17-08-2026 16:17,본인단독,,,,,,,,,,제주보건대학 환경위생과,TR20269876,2026-05-04,04-05-2026,0,PASS,
두두보건,DH2026829180,류원호,1937-11-09,09-11-1937,남,1,010-4164-3875,01041643875,고등학교졸업,요양보호사,,대구센터,2026-09-22,22-09-2026,AM,32000,기초생활수급자,기초수급,,32000,계좌이체,transfer,완료,success,접수완료,active,2026-08-11 12:00,11-08-2026 12:00,가족보조,,,,,,,,,,제주시니어교육원,TR20267008,2026-05-17,17-05-2026,240,PASS,
두두보건,DH2026726421,황순자,1949-06-10,10-06-1949,여,2,010-2936-8625,01029368625,고등학교졸업,요양보호사,,서울센터,2026-10-21,21-10-2026,PM,32000,없음,없음,,32000,신용카드,card,완료,success,접수완료,active,2026-08-05 16:09,05-08-2026 16:09,가족보조,,,,,,,,,,제주시니어교육원,TR20268234,2026-05-23,23-05-2026,240,PASS,
두두보건,DH2026713391,구계순,1931-08-25,25-08-1931,여,2,010-2341-9609,01023419609,고등학교졸업,요양보호사,,제주센터,2026-11-18,18-11-2026,AM,32000,없음,없음,,32000,신용카드,card,완료,success,접수완료,active,2026-08-06 14:54,06-08-2026 14:54,복지관,,,,,,,,,,창원노인복지관교육부,TR20261280,2026-03-19,19-03-2026,240,PASS,
